[{"model": "admin.logentry", "pk": 1, "fields": {"action_time": "2021-10-07T12:22:36.668Z", "user": 1, "content_type": 23, "object_id": "1", "object_repr": "100 L", "action_flag": 1, "change_message": "[{\"added\": {}}]"}}, {"model": "admin.logentry", "pk": 2, "fields": {"action_time": "2021-10-07T12:22:46.699Z", "user": 1, "content_type": 23, "object_id": "2", "object_repr": "200 L", "action_flag": 1, "change_message": "[{\"added\": {}}]"}}, {"model": "admin.logentry", "pk": 3, "fields": {"action_time": "2021-10-07T12:22:54.507Z", "user": 1, "content_type": 23, "object_id": "3", "object_repr": "300 L", "action_flag": 1, "change_message": "[{\"added\": {}}]"}}, {"model": "admin.logentry", "pk": 4, "fields": {"action_time": "2021-10-07T12:23:02.118Z", "user": 1, "content_type": 23, "object_id": "4", "object_repr": "400 L", "action_flag": 1, "change_message": "[{\"added\": {}}]"}}, {"model": "admin.logentry", "pk": 5, "fields": {"action_time": "2021-10-07T12:23:09.821Z", "user": 1, "content_type": 23, "object_id": "5", "object_repr": "500 L", "action_flag": 1, "change_message": "[{\"added\": {}}]"}}, {"model": "admin.logentry", "pk": 6, "fields": {"action_time": "2021-10-07T12:23:22.201Z", "user": 1, "content_type": 23, "object_id": "6", "object_repr": "600 L", "action_flag": 1, "change_message": "[{\"added\": {}}]"}}, {"model": "admin.logentry", "pk": 7, "fields": {"action_time": "2021-10-07T12:24:12.779Z", "user": 1, "content_type": 23, "object_id": "7", "object_repr": "400L A", "action_flag": 1, "change_message": "[{\"added\": {}}]"}}, {"model": "admin.logentry", "pk": 8, "fields": {"action_time": "2021-10-07T12:24:24.512Z", "user": 1, "content_type": 23, "object_id": "8", "object_repr": "400L B", "action_flag": 1, "change_message": "[{\"added\": {}}]"}}, {"model": "admin.logentry", "pk": 9, "fields": {"action_time": "2021-10-07T12:24:45.054Z", "user": 1, "content_type": 24, "object_id": "1", "object_repr": "Undergraduate studies", "action_flag": 1, "change_message": "[{\"added\": {}}]"}}, {"model": "admin.logentry", "pk": 10, "fields": {"action_time": "2021-10-07T12:24:54.382Z", "user": 1, "content_type": 24, "object_id": "2", "object_repr": "Postgraduate Studies", "action_flag": 1, "change_message": "[{\"added\": {}}]"}}, {"model": "admin.logentry", "pk": 11, "fields": {"action_time": "2021-10-07T12:25:14.259Z", "user": 1, "content_type": 24, "object_id": "3", "object_repr": "Masters in Philosophy", "action_flag": 1, "change_message": "[{\"added\": {}}]"}}, {"model": "admin.logentry", "pk": 12, "fields": {"action_time": "2021-10-07T12:25:20.556Z", "user": 1, "content_type": 24, "object_id": "4", "object_repr": "Masters of Science", "action_flag": 1, "change_message": "[{\"added\": {}}]"}}, {"model": "admin.logentry", "pk": 13, "fields": {"action_time": "2021-10-07T12:25:28.526Z", "user": 1, "content_type": 24, "object_id": "5", "object_repr": "PhD Programme", "action_flag": 1, "change_message": "[{\"added\": {}}]"}}, {"model": "admin.logentry", "pk": 14, "fields": {"action_time": "2021-10-07T12:27:10.257Z", "user": 1, "content_type": 34, "object_id": "1", "object_repr": "College of Health Sciences", "action_flag": 1, "change_message": "[{\"added\": {}}]"}}, {"model": "admin.logentry", "pk": 15, "fields": {"action_time": "2021-10-07T12:28:01.894Z", "user": 1, "content_type": 34, "object_id": "2", "object_repr": "Medical Laboratory Sciences", "action_flag": 1, "change_message": "[{\"added\": {}}]"}}, {"model": "admin.logentry", "pk": 16, "fields": {"action_time": "2021-10-07T12:28:58.836Z", "user": 1, "content_type": 34, "object_id": "3", "object_repr": "Agriculture", "action_flag": 1, "change_message": "[{\"added\": {}}]"}}, {"model": "admin.logentry", "pk": 17, "fields": {"action_time": "2021-10-07T12:29:28.083Z", "user": 1, "content_type": 34, "object_id": "4", "object_repr": "Chemical and Life Sciences", "action_flag": 1, "change_message": "[{\"added\": {}}]"}}, {"model": "admin.logentry", "pk": 18, "fields": {"action_time": "2021-10-07T12:29:49.645Z", "user": 1, "content_type": 34, "object_id": "5", "object_repr": "Pharmaceutical Sciences", "action_flag": 1, "change_message": "[{\"added\": {}}]"}}, {"model": "admin.logentry", "pk": 19, "fields": {"action_time": "2021-10-07T12:30:16.588Z", "user": 1, "content_type": 34, "object_id": "6", "object_repr": "Physical and Computing Sciences", "action_flag": 1, "change_message": "[{\"added\": {}}]"}}, {"model": "admin.logentry", "pk": 20, "fields": {"action_time": "2021-10-07T12:30:31.928Z", "user": 1, "content_type": 33, "object_id": "1", "object_repr": "Computer Science", "action_flag": 1, "change_message": "[{\"added\": {}}]"}}, {"model": "admin.logentry", "pk": 21, "fields": {"action_time": "2021-10-07T12:30:48.227Z", "user": 1, "content_type": 33, "object_id": "2", "object_repr": "Mathematics", "action_flag": 1, "change_message": "[{\"added\": {}}]"}}, {"model": "admin.logentry", "pk": 22, "fields": {"action_time": "2021-10-07T12:31:37.424Z", "user": 1, "content_type": 21, "object_id": "1", "object_repr": "CMP 101 - Introduction to computer science", "action_flag": 1, "change_message": "[{\"added\": {}}]"}}, {"model": "admin.logentry", "pk": 23, "fields": {"action_time": "2021-10-07T12:32:10.362Z", "user": 1, "content_type": 21, "object_id": "2", "object_repr": "MATHS 101 - Basic Maths", "action_flag": 1, "change_message": "[{\"added\": {}}]"}}, {"model": "admin.logentry", "pk": 24, "fields": {"action_time": "2021-10-07T12:32:46.687Z", "user": 1, "content_type": 21, "object_id": "3", "object_repr": "Maths 102 - Basic Maths 2", "action_flag": 1, "change_message": "[{\"added\": {}}]"}}, {"model": "admin.logentry", "pk": 25, "fields": {"action_time": "2021-10-07T12:33:55.054Z", "user": 1, "content_type": 22, "object_id": "1", "object_repr": "Bsc Mathematics", "action_flag": 1, "change_message": "[{\"added\": {}}]"}}, {"model": "admin.logentry", "pk": 26, "fields": {"action_time": "2021-10-07T12:37:58.747Z", "user": 1, "content_type": 22, "object_id": "2", "object_repr": "Bsc Computer Science", "action_flag": 1, "change_message": "[{\"added\": {}}]"}}, {"model": "admin.logentry", "pk": 27, "fields": {"action_time": "2021-10-07T12:47:50.768Z", "user": 1, "content_type": 33, "object_id": "1", "object_repr": "Computer Science", "action_flag": 2, "change_message": "[{\"changed\": {\"fields\": [\"Programmes\"]}}]"}}, {"model": "admin.logentry", "pk": 28, "fields": {"action_time": "2021-10-07T12:48:00.832Z", "user": 1, "content_type": 33, "object_id": "2", "object_repr": "Mathematics", "action_flag": 2, "change_message": "[{\"changed\": {\"fields\": [\"Programmes\"]}}]"}}, {"model": "admin.logentry", "pk": 29, "fields": {"action_time": "2021-10-07T13:23:49.469Z", "user": 1, "content_type": 33, "object_id": "3", "object_repr": "Hematology and Blood Transfusion Science", "action_flag": 1, "change_message": "[{\"added\": {}}]"}}, {"model": "admin.logentry", "pk": 30, "fields": {"action_time": "2021-10-07T13:24:14.648Z", "user": 1, "content_type": 33, "object_id": "4", "object_repr": "Medical Microbiology", "action_flag": 1, "change_message": "[{\"added\": {}}]"}}, {"model": "admin.logentry", "pk": 31, "fields": {"action_time": "2021-10-07T13:24:29.465Z", "user": 1, "content_type": 33, "object_id": "5", "object_repr": "Immunology", "action_flag": 1, "change_message": "[{\"added\": {}}]"}}, {"model": "admin.logentry", "pk": 32, "fields": {"action_time": "2021-10-07T13:24:52.006Z", "user": 1, "content_type": 33, "object_id": "6", "object_repr": "Chemical Pathology", "action_flag": 1, "change_message": "[{\"added\": {}}]"}}, {"model": "admin.logentry", "pk": 33, "fields": {"action_time": "2021-10-07T13:25:28.570Z", "user": 1, "content_type": 33, "object_id": "7", "object_repr": "Histopathology", "action_flag": 1, "change_message": "[{\"added\": {}}]"}}, {"model": "admin.logentry", "pk": 34, "fields": {"action_time": "2021-10-07T13:27:13.356Z", "user": 1, "content_type": 24, "object_id": "6", "object_repr": "Diploma", "action_flag": 1, "change_message": "[{\"added\": {}}]"}}, {"model": "admin.logentry", "pk": 35, "fields": {"action_time": "2021-10-07T13:27:24.140Z", "user": 1, "content_type": 24, "object_id": "7", "object_repr": "Predegree", "action_flag": 1, "change_message": "[{\"added\": {}}]"}}, {"model": "admin.logentry", "pk": 36, "fields": {"action_time": "2021-10-07T13:27:36.886Z", "user": 1, "content_type": 24, "object_id": "8", "object_repr": "Remedials", "action_flag": 1, "change_message": "[{\"added\": {}}]"}}, {"model": "admin.logentry", "pk": 37, "fields": {"action_time": "2021-10-07T13:27:43.442Z", "user": 1, "content_type": 24, "object_id": "9", "object_repr": "IJMB", "action_flag": 1, "change_message": "[{\"added\": {}}]"}}, {"model": "admin.logentry", "pk": 38, "fields": {"action_time": "2021-10-07T14:02:01.190Z", "user": 1, "content_type": 24, "object_id": "9", "object_repr": "IJMB", "action_flag": 3, "change_message": ""}}, {"model": "admin.logentry", "pk": 39, "fields": {"action_time": "2021-10-07T14:02:01.210Z", "user": 1, "content_type": 24, "object_id": "2", "object_repr": "Postgraduate Studies", "action_flag": 3, "change_message": ""}}, {"model": "admin.logentry", "pk": 40, "fields": {"action_time": "2021-10-07T14:02:01.234Z", "user": 1, "content_type": 24, "object_id": "7", "object_repr": "Predegree", "action_flag": 3, "change_message": ""}}, {"model": "admin.logentry", "pk": 41, "fields": {"action_time": "2021-10-07T14:02:01.263Z", "user": 1, "content_type": 24, "object_id": "8", "object_repr": "Remedials", "action_flag": 3, "change_message": ""}}, {"model": "admin.logentry", "pk": 42, "fields": {"action_time": "2021-10-07T17:11:21.516Z", "user": 1, "content_type": 48, "object_id": "1", "object_repr": "Site configuration menu", "action_flag": 2, "change_message": "[]"}}, {"model": "admin.logentry", "pk": 43, "fields": {"action_time": "2021-10-07T21:46:39.105Z", "user": 1, "content_type": 7, "object_id": "1", "object_repr": "/history/ -- History", "action_flag": 1, "change_message": "[{\"added\": {}}]"}}, {"model": "admin.logentry", "pk": 44, "fields": {"action_time": "2021-10-07T21:48:03.501Z", "user": 1, "content_type": 7, "object_id": "2", "object_repr": "/mission-vision/ -- Mission and Vision", "action_flag": 1, "change_message": "[{\"added\": {}}]"}}, {"model": "admin.logentry", "pk": 45, "fields": {"action_time": "2021-10-07T22:18:18.368Z", "user": 1, "content_type": 7, "object_id": "1", "object_repr": "/history/ -- History", "action_flag": 2, "change_message": "[{\"changed\": {\"fields\": [\"Content\"]}}]"}}, {"model": "admin.logentry", "pk": 46, "fields": {"action_time": "2021-10-07T22:30:09.074Z", "user": 1, "content_type": 7, "object_id": "1", "object_repr": "/history/ -- History", "action_flag": 2, "change_message": "[{\"changed\": {\"fields\": [\"Content\"]}}]"}}, {"model": "admin.logentry", "pk": 47, "fields": {"action_time": "2021-10-07T22:42:23.233Z", "user": 1, "content_type": 7, "object_id": "3", "object_repr": "/location/ -- Location", "action_flag": 1, "change_message": "[{\"added\": {}}]"}}, {"model": "admin.logentry", "pk": 48, "fields": {"action_time": "2021-10-08T09:30:26.529Z", "user": 1, "content_type": 48, "object_id": "1", "object_repr": "Site configuration menu", "action_flag": 2, "change_message": "[{\"changed\": {\"fields\": [\"Site description\"]}}]"}}, {"model": "admin.logentry", "pk": 49, "fields": {"action_time": "2021-10-08T10:19:22.439Z", "user": 1, "content_type": 48, "object_id": "1", "object_repr": "Site configuration menu", "action_flag": 2, "change_message": "[{\"changed\": {\"fields\": [\"Address\"]}}]"}}, {"model": "admin.logentry", "pk": 50, "fields": {"action_time": "2021-10-08T11:01:43.512Z", "user": 1, "content_type": 40, "object_id": "1", "object_repr": "galleries/cafeteria.jpg", "action_flag": 1, "change_message": "[{\"added\": {}}]"}}, {"model": "admin.logentry", "pk": 51, "fields": {"action_time": "2021-10-08T11:02:44.288Z", "user": 1, "content_type": 40, "object_id": "2", "object_repr": "galleries/computer_lab.jpg", "action_flag": 1, "change_message": "[{\"added\": {}}]"}}, {"model": "admin.logentry", "pk": 52, "fields": {"action_time": "2021-10-08T11:03:30.413Z", "user": 1, "content_type": 40, "object_id": "3", "object_repr": "galleries/dsc_0102-1550256045.jpg", "action_flag": 1, "change_message": "[{\"added\": {}}]"}}, {"model": "admin.logentry", "pk": 53, "fields": {"action_time": "2021-10-08T11:04:14.219Z", "user": 1, "content_type": 40, "object_id": "4", "object_repr": "galleries/dsc_0002-1550255960.jpg", "action_flag": 1, "change_message": "[{\"added\": {}}]"}}, {"model": "admin.logentry", "pk": 54, "fields": {"action_time": "2021-10-08T11:05:00.139Z", "user": 1, "content_type": 40, "object_id": "5", "object_repr": "galleries/dsc_0033-1550255934.jpg", "action_flag": 1, "change_message": "[{\"added\": {}}]"}}, {"model": "admin.logentry", "pk": 55, "fields": {"action_time": "2021-10-08T11:05:12.390Z", "user": 1, "content_type": 40, "object_id": "2", "object_repr": "galleries/computer_lab.jpg", "action_flag": 3, "change_message": ""}}, {"model": "admin.logentry", "pk": 56, "fields": {"action_time": "2021-10-08T11:05:40.076Z", "user": 1, "content_type": 40, "object_id": "6", "object_repr": "galleries/dsc_0045-1550255999.jpg", "action_flag": 1, "change_message": "[{\"added\": {}}]"}}, {"model": "admin.logentry", "pk": 57, "fields": {"action_time": "2021-10-08T11:05:57.880Z", "user": 1, "content_type": 40, "object_id": "7", "object_repr": "galleries/dsc_0055-1550256289.jpg", "action_flag": 1, "change_message": "[{\"added\": {}}]"}}, {"model": "admin.logentry", "pk": 58, "fields": {"action_time": "2021-10-08T11:06:54.327Z", "user": 1, "content_type": 40, "object_id": "8", "object_repr": "galleries/dsc_0087-1550256307.jpg", "action_flag": 1, "change_message": "[{\"added\": {}}]"}}, {"model": "admin.logentry", "pk": 59, "fields": {"action_time": "2021-10-08T11:07:20.643Z", "user": 1, "content_type": 40, "object_id": "9", "object_repr": "galleries/dsc_0121-1550256013.jpg", "action_flag": 1, "change_message": "[{\"added\": {}}]"}}, {"model": "admin.logentry", "pk": 60, "fields": {"action_time": "2021-10-08T11:07:34.835Z", "user": 1, "content_type": 40, "object_id": "10", "object_repr": "galleries/dsc_0135-1550256078.jpg", "action_flag": 1, "change_message": "[{\"added\": {}}]"}}, {"model": "admin.logentry", "pk": 61, "fields": {"action_time": "2021-10-08T11:07:53.133Z", "user": 1, "content_type": 40, "object_id": "11", "object_repr": "galleries/dsc_0166-1550256105.jpg", "action_flag": 1, "change_message": "[{\"added\": {}}]"}}, {"model": "admin.logentry", "pk": 62, "fields": {"action_time": "2021-10-08T11:10:08.015Z", "user": 1, "content_type": 40, "object_id": "12", "object_repr": "galleries/dsc_1283-1550256334.jpg", "action_flag": 1, "change_message": "[{\"added\": {}}]"}}, {"model": "admin.logentry", "pk": 63, "fields": {"action_time": "2021-10-08T11:10:20.846Z", "user": 1, "content_type": 40, "object_id": "13", "object_repr": "galleries/dsc_1212-1550256102.jpg", "action_flag": 1, "change_message": "[{\"added\": {}}]"}}, {"model": "admin.logentry", "pk": 64, "fields": {"action_time": "2021-10-08T11:10:33.743Z", "user": 1, "content_type": 40, "object_id": "14", "object_repr": "galleries/dsc_0188-1550256393.jpg", "action_flag": 1, "change_message": "[{\"added\": {}}]"}}, {"model": "admin.logentry", "pk": 65, "fields": {"action_time": "2021-10-08T11:10:51.556Z", "user": 1, "content_type": 40, "object_id": "15", "object_repr": "galleries/dsc_0191-1550256393.jpg", "action_flag": 1, "change_message": "[{\"added\": {}}]"}}, {"model": "admin.logentry", "pk": 66, "fields": {"action_time": "2021-10-08T11:11:07.023Z", "user": 1, "content_type": 40, "object_id": "16", "object_repr": "galleries/dsc_1251-1550256214.jpg", "action_flag": 1, "change_message": "[{\"added\": {}}]"}}, {"model": "admin.logentry", "pk": 67, "fields": {"action_time": "2021-10-08T11:12:15.822Z", "user": 1, "content_type": 40, "object_id": "17", "object_repr": "galleries/dsc_1215-1550256323.jpg", "action_flag": 1, "change_message": "[{\"added\": {}}]"}}, {"model": "sessions.session", "pk": "4m50g5f1rt0rnoubohgfygce5xwvq3to", "fields": {"session_data": ".eJxVjc0OgjAQhN-lZwPbgqXlpi_S7PYnbTRAaOvF-O5C1ESyyRxmZr95MoO1RFOzX01ybGScnf49Qnvz0x6UisuSmz36qJ9KsljSPP1aubkc_Ov3-UCMmOO-o5BQS4Gaeumtdx1HUNpREJwHTRosBpAWATtH5LSCgXoUSEHJs8YNuqz-keaaTV3vGzGWsoxty8XQwHZ8VADQstcbGdhL9A:1mYnnX:3LxWqrVvhoXZagyMKlyb5UvxfK2CVc4UOB6f7nMvxTE", "expire_date": "2021-10-22T11:12:19.892Z"}}, {"model": "sessions.session", "pk": "b29wbb5addvxq064tl1p8qdje756btf5", "fields": {"session_data": "eyJwcmV2aW91c191cmwiOiIvYWRtaW4vbG9naW4vIn0:1mYmKu:ZPJ0Hoi796bhWeRhmXpNqc0dQ1vmb5H3PACmhpBjXZE", "expire_date": "2021-10-22T09:38:40.323Z"}}, {"model": "sites.site", "pk": 1, "fields": {"domain": "example.com", "name": "example.com"}}, {"model": "flatpages.flatpage", "pk": 1, "fields": {"url": "/history/", "title": "History", "content": "<div class=\"container margin_60\">\r\n        <div class=\"main_title\">\r\n            <h2>Some words about Atena ...</h2>\r\n            <p>\r\n                Cum doctus civibus efficiantur in imperdiet deterruisset.\r\n            </p>\r\n        </div>\r\n        <div class=\"row\">\r\n            <div class=\"col-md-8 col-sm-8\">\r\n                <h3>Founded in 1998</h3>\r\n                <p>\r\n                    His nonumes maluisset delicatissimi ut, <strong>no ius odio putent vocibus</strong>. Oratio quidam\r\n                    essent his ei, at animal argumentum nam. Sale inani sapientem sit at. Quo an vocent mediocritatem,\r\n                    eu\r\n                    natum argumentum pri. Deleniti invenire his ei, ut mei liber ancillae, pri et fugit interpretaris.\r\n                    Quod\r\n                    unum democritum per no, nam nostrud conclusionemque ad.\r\n                </p>\r\n                <p>\r\n                    His nonumes maluisset delicatissimi ut, no ius odio putent vocibus. Oratio quidam essent his ei, at\r\n                    animal argumentum nam. Sale inani sapientem sit at. Quo an vocent mediocritatem, eu natum argumentum\r\n                    pri. Deleniti invenire his ei, ut mei liber ancillae, pri et fugit interpretaris. Quod unum\r\n                    democritum\r\n                    per no, nam nostrud conclusionemque ad.\r\n                </p>\r\n                <div class=\"row\">\r\n                    <div class=\"col-md-5\">\r\n                        <ul class=\"list_4\">\r\n                            <li>Putent vocibus</li>\r\n                            <li>Inani sapientem sit</li>\r\n                            <li>Nonumes maluisset delicatissimi</li>\r\n                        </ul>\r\n                    </div>\r\n                    <div class=\"col-md-5\">\r\n                        <ul class=\"list_4\">\r\n                            <li>Putent vocibus</li>\r\n                            <li>Inani sapientem sit</li>\r\n                            <li>Nonumes maluisset delicatissimi</li>\r\n                        </ul>\r\n                    </div>\r\n                </div><!-- end row -->\r\n                <h3>Founders and Directors</h3>\r\n                <p>\r\n                    His nonumes maluisset delicatissimi ut, no ius odio putent vocibus. Oratio quidam essent his ei, at\r\n                    animal argumentum nam. Sale inani sapientem sit at. Quo an vocent mediocritatem, eu natum argumentum\r\n                    pri. Deleniti invenire his ei, ut mei liber ancillae, pri et fugit interpretaris.\r\n                </p>\r\n                <ul class=\"list_staff\">\r\n                    <li>\r\n                        <figure><img alt=\"\" class=\"img-circle\" src=\"img/teacher_1_thumb.jpg\"></figure>\r\n                        <h5>Maria Hegel</h5>\r\n                        <p>Director</p>\r\n                    </li>\r\n                    <li>\r\n                        <figure><img alt=\"\" class=\"img-circle\" src=\"img/teacher_2_thumb.jpg\"></figure>\r\n                        <h5>Tomas John</h5>\r\n                        <p>General Manager</p>\r\n                    </li>\r\n                    <li>\r\n                        <figure><img alt=\"\" class=\"img-circle\" src=\"img/teacher_3_thumb.jpg\"></figure>\r\n                        <h5>Frank Alberti</h5>\r\n                        <p>Student Manager</p>\r\n                    </li>\r\n                </ul>\r\n            </div>\r\n            <div class=\"col-md-4 col-sm-4\">\r\n                <div class=\"box_style_4\">\r\n                    <h4>Mission</h4>\r\n                    <p>\r\n                        Sale inani sapientem sit at. Quo an vocent mediocritatem, eu natum argumentum pri. Deleniti\r\n                        invenire\r\n                        his ei, ut mei liber ancillae, pri et fugit interpretaris.\r\n                    </p>\r\n                    <ul class=\"list_order\">\r\n                        <li><span>1</span>At errem clita officiis sed</li>\r\n                        <li><span>2</span>Sale inani sapientem sit at</li>\r\n                        <li><span>3</span>Deleniti invenire his ei</li>\r\n                        <li><span>4</span>Quod unum democritum per no</li>\r\n                        <li><span>5</span>Oportere efficiendi eu vim</li>\r\n                    </ul>\r\n                </div>\r\n            </div>\r\n        </div><!--End row -->\r\n        <hr class=\"more_margin\">\r\n        <div class=\"row\">\r\n            <div class=\"col-md-4 col-sm-4\">\r\n                <p><img alt=\"\" class=\"img-responsive\" src=\"img/campus.jpg\"></p>\r\n                <h4>Campus Area</h4>\r\n                <p>Lorem ipsum dolor sit amet, ne vis suas harum nonumy, at enim vocent delicatissimi eos, vocent\r\n                    inermis\r\n                    veritus mel no. Vix in offendit forensibus cotidieque. </p>\r\n            </div>\r\n            <div class=\"col-md-4 col-sm-4\">\r\n                <p><img alt=\"\" class=\"img-responsive\" src=\"img/sport.jpg\"></p>\r\n                <h4>Sport activites</h4>\r\n                <p>Lorem ipsum dolor sit amet, ne vis suas harum nonumy, at enim vocent delicatissimi eos, vocent\r\n                    inermis\r\n                    veritus mel no. Vix in offendit forensibus cotidieque. </p>\r\n            </div>\r\n            <div class=\"col-md-4 col-sm-4\">\r\n                <p><img alt=\"\" class=\"img-responsive\" src=\"img/conference_hall.jpg\"></p>\r\n                <h4>Conference Hall</h4>\r\n                <p>Lorem ipsum dolor sit amet, ne vis suas harum nonumy, at enim vocent delicatissimi eos, vocent\r\n                    inermis\r\n                    veritus mel no. Vix in offendit forensibus cotidieque. </p>\r\n            </div>\r\n        </div><!--End row -->\r\n    </div><!--End container -->", "enable_comments": false, "template_name": "", "registration_required": false, "sites": [1]}}, {"model": "flatpages.flatpage", "pk": 2, "fields": {"url": "/mission-vision/", "title": "Mission and Vision", "content": "Vision\r\n\r\nTo be a world class institution that equips learners with academic excellence, practical competence and impeccable character\r\n\r\nMision\r\n\r\nTo equip our students with knowledge, skills, attitudes, competencies and values through quality teaching, learning and research, thus creating effective change agents and value adding members of society.", "enable_comments": false, "template_name": "", "registration_required": false, "sites": [1]}}, {"model": "flatpages.flatpage", "pk": 3, "fields": {"url": "/location/", "title": "Location", "content": "<iframe src=\"https://www.google.com/maps/embed?pb=!1m14!1m8!1m3!1d15856.495546140479!2d3.3768851295776385!3d6.505998267893215!3m2!1i1024!2i768!4f13.1!3m3!1m2!1s0x0%3A0x2c090ab2140c87db!2sTRINITY%20UNIVERSITY%20CAMPUS!5e0!3m2!1sen!2sng!4v1633646449120!5m2!1sen!2sng\" width=\"600\" height=\"450\" style=\"border:0;\" allowfullscreen=\"\" loading=\"lazy\"></iframe>", "enable_comments": false, "template_name": "", "registration_required": false, "sites": [1]}}, {"model": "authtoken.token", "pk": "dbdfbbb3e653e35d3cf7897dd76b70b60d1552d0", "fields": {"user": 1, "created": "2021-10-07T12:21:54.923Z"}}, {"model": "academics.degree", "pk": 1, "fields": {"programme": 1, "faculty": 6, "department": 2, "title": "Bsc", "name": "Mathematics", "start_date": "2021-10-07T12:32:57Z", "preview": "defaults/academics/awards.png", "courses": [1, 2, 3]}}, {"model": "academics.degree", "pk": 2, "fields": {"programme": 1, "faculty": 6, "department": 1, "title": "Bsc", "name": "Computer Science", "start_date": "2021-10-07T12:37:15Z", "preview": "defaults/academics/awards.png", "courses": [1, 2, 3]}}, {"model": "academics.course", "pk": 1, "fields": {"department": 1, "title": "Introduction to computer science", "code": "CMP 101", "level": 1, "unit": 2, "semester": "f", "lecturers": [1]}}, {"model": "academics.course", "pk": 2, "fields": {"department": 2, "title": "Basic Maths", "code": "MATHS 101", "level": 1, "unit": 2, "semester": "f", "lecturers": [1]}}, {"model": "academics.course", "pk": 3, "fields": {"department": 2, "title": "Basic Maths 2", "code": "Maths 102", "level": 1, "unit": 2, "semester": "s", "lecturers": [1]}}, {"model": "academics.level", "pk": 1, "fields": {"name": "100 L", "short_code": "100"}}, {"model": "academics.level", "pk": 2, "fields": {"name": "200 L", "short_code": "200"}}, {"model": "academics.level", "pk": 3, "fields": {"name": "300 L", "short_code": "300"}}, {"model": "academics.level", "pk": 4, "fields": {"name": "400 L", "short_code": "400"}}, {"model": "academics.level", "pk": 5, "fields": {"name": "500 L", "short_code": "500"}}, {"model": "academics.level", "pk": 6, "fields": {"name": "600 L", "short_code": "600"}}, {"model": "academics.level", "pk": 7, "fields": {"name": "400L A", "short_code": "400a"}}, {"model": "academics.level", "pk": 8, "fields": {"name": "400L B", "short_code": "400b"}}, {"model": "academics.programme", "pk": 1, "fields": {"name": "Undergraduate studies", "slug": "undergraduate-studies", "start_date": "2021-10-07T12:24:37Z"}}, {"model": "academics.programme", "pk": 3, "fields": {"name": "Masters in Philosophy", "slug": "masters-in-philosophy", "start_date": "2021-10-07T12:24:54Z"}}, {"model": "academics.programme", "pk": 4, "fields": {"name": "Masters of Science", "slug": "masters-of-science", "start_date": "2021-10-07T12:25:14Z"}}, {"model": "academics.programme", "pk": 5, "fields": {"name": "PhD Programme", "slug": "phd-programme", "start_date": "2021-10-07T12:25:20Z"}}, {"model": "academics.programme", "pk": 6, "fields": {"name": "Diploma", "slug": "diploma", "start_date": "2021-10-07T13:27:06Z"}}, {"model": "faculties.department", "pk": 1, "fields": {"email": "noreply@localhost", "phone": "2348097799871", "hod": null, "faculty": 6, "name": "Computer Science", "slug": "computer-science", "start_date": "2021-10-07T12:25:56Z", "programmes": [4, 1]}}, {"model": "faculties.department", "pk": 2, "fields": {"email": "noreply@localhost", "phone": "2348097799871", "hod": null, "faculty": 6, "name": "Mathematics", "slug": "mathematics", "start_date": "2021-10-07T12:30:36Z", "programmes": [1]}}, {"model": "faculties.department", "pk": 3, "fields": {"email": "noreply@localhost", "phone": "2348097799871", "hod": null, "faculty": 2, "name": "Hematology and Blood Transfusion Science", "slug": "hematology-and-blood-transfusion-science", "start_date": "2021-10-07T13:23:12Z", "programmes": [5, 1]}}, {"model": "faculties.department", "pk": 4, "fields": {"email": "noreply@localhost", "phone": "2348097799871", "hod": null, "faculty": 2, "name": "Medical Microbiology", "slug": "medical-microbiology", "start_date": "2021-10-07T13:23:49Z", "programmes": [4, 1]}}, {"model": "faculties.department", "pk": 5, "fields": {"email": "noreply@localhost", "phone": "2348097799871", "hod": null, "faculty": 2, "name": "Immunology", "slug": "immunology", "start_date": "2021-10-07T13:24:14Z", "programmes": [4, 1]}}, {"model": "faculties.department", "pk": 6, "fields": {"email": "noreply@localhost", "phone": "2348097799871", "hod": null, "faculty": 2, "name": "Chemical Pathology", "slug": "chemical-pathology", "start_date": "2021-10-07T13:24:29Z", "programmes": [4, 1]}}, {"model": "faculties.department", "pk": 7, "fields": {"email": "noreply@localhost", "phone": "2348097799871", "hod": null, "faculty": 2, "name": "Histopathology", "slug": "histopathology", "start_date": "2021-10-07T13:25:08Z", "programmes": [4, 1]}}, {"model": "faculties.faculty", "pk": 1, "fields": {"email": "collegeofhealthsciences@trinityuniversity.com", "phone": "2348097799871", "dean": null, "name": "College of Health Sciences", "short_description": "", "long_description": "No detailed description of faculty yet", "slug": "college-of-health-sciences", "start_date": "2021-10-07T12:26:05Z", "parent": null, "lft": 1, "rght": 4, "tree_id": 1, "level": 0, "programmes": [4, 5, 1]}}, {"model": "faculties.faculty", "pk": 2, "fields": {"email": "fmls@trinityuniversity.com", "phone": "2348097799871", "dean": null, "name": "Medical Laboratory Sciences", "short_description": "", "long_description": "No detailed description of faculty yet", "slug": "medical-laboratory-sciences", "start_date": "2021-10-07T12:27:13Z", "parent": 1, "lft": 2, "rght": 3, "tree_id": 1, "level": 1, "programmes": [1]}}, {"model": "faculties.faculty", "pk": 3, "fields": {"email": "facultyofagriculture@trinityuniversity.com", "phone": "2348097799871", "dean": null, "name": "Agriculture", "short_description": "", "long_description": "No detailed description of faculty yet", "slug": "agriculture", "start_date": "2021-10-07T12:28:07Z", "parent": null, "lft": 1, "rght": 2, "tree_id": 2, "level": 0, "programmes": [4, 5, 1]}}, {"model": "faculties.faculty", "pk": 4, "fields": {"email": "noreply@localhost", "phone": "2348097799871", "dean": null, "name": "Chemical and Life Sciences", "short_description": "", "long_description": "No detailed description of faculty yet", "slug": "chemical-and-life-sciences", "start_date": "2021-10-07T12:29:03Z", "parent": null, "lft": 1, "rght": 2, "tree_id": 3, "level": 0, "programmes": [4, 5, 1]}}, {"model": "faculties.faculty", "pk": 5, "fields": {"email": "noreply@localhost", "phone": "2348097799871", "dean": null, "name": "Pharmaceutical Sciences", "short_description": "", "long_description": "No detailed description of faculty yet", "slug": "pharmaceutical-sciences", "start_date": "2021-10-07T12:29:30Z", "parent": null, "lft": 1, "rght": 2, "tree_id": 4, "level": 0, "programmes": [3, 4, 5, 1]}}, {"model": "faculties.faculty", "pk": 6, "fields": {"email": "noreply@localhost", "phone": "2348097799871", "dean": null, "name": "Physical and Computing Sciences", "short_description": "", "long_description": "No detailed description of faculty yet", "slug": "physical-and-computing-sciences", "start_date": "2021-10-07T12:29:54Z", "parent": null, "lft": 1, "rght": 2, "tree_id": 5, "level": 0, "programmes": [4, 5, 1]}}, {"model": "galleries.gallery", "pk": 1, "fields": {"folder": null, "image": "galleries/cafeteria.jpg", "caption": "cafeteria", "is_hidden": false}}, {"model": "galleries.gallery", "pk": 3, "fields": {"folder": null, "image": "galleries/dsc_0102-1550256045.jpg", "caption": "Male Hostel Side View", "is_hidden": false}}, {"model": "galleries.gallery", "pk": 4, "fields": {"folder": null, "image": "galleries/dsc_0002-1550255960.jpg", "caption": "Chemistry Lab", "is_hidden": false}}, {"model": "galleries.gallery", "pk": 5, "fields": {"folder": null, "image": "galleries/dsc_0033-1550255934.jpg", "caption": "Computer Lab Main", "is_hidden": false}}, {"model": "galleries.gallery", "pk": 6, "fields": {"folder": null, "image": "galleries/dsc_0045-1550255999.jpg", "caption": "ICT", "is_hidden": false}}, {"model": "galleries.gallery", "pk": 7, "fields": {"folder": null, "image": "galleries/dsc_0055-1550256289.jpg", "caption": "Lecture Room 1", "is_hidden": false}}, {"model": "galleries.gallery", "pk": 8, "fields": {"folder": null, "image": "galleries/dsc_0087-1550256307.jpg", "caption": "Hostel Interior", "is_hidden": false}}, {"model": "galleries.gallery", "pk": 9, "fields": {"folder": null, "image": "galleries/dsc_0121-1550256013.jpg", "caption": "Tennis Game Centre", "is_hidden": false}}, {"model": "galleries.gallery", "pk": 10, "fields": {"folder": null, "image": "galleries/dsc_0135-1550256078.jpg", "caption": "Female Hostel", "is_hidden": false}}, {"model": "galleries.gallery", "pk": 11, "fields": {"folder": null, "image": "galleries/dsc_0166-1550256105.jpg", "caption": "Senate Chamber", "is_hidden": false}}, {"model": "galleries.gallery", "pk": 12, "fields": {"folder": null, "image": "galleries/dsc_1283-1550256334.jpg", "caption": "Out View", "is_hidden": false}}, {"model": "galleries.gallery", "pk": 13, "fields": {"folder": null, "image": "galleries/dsc_1212-1550256102.jpg", "caption": "Height View", "is_hidden": false}}, {"model": "galleries.gallery", "pk": 14, "fields": {"folder": null, "image": "galleries/dsc_0188-1550256393.jpg", "caption": "Conference Room", "is_hidden": false}}, {"model": "galleries.gallery", "pk": 15, "fields": {"folder": null, "image": "galleries/dsc_0191-1550256393.jpg", "caption": "Conference Room 2", "is_hidden": false}}, {"model": "galleries.gallery", "pk": 16, "fields": {"folder": null, "image": "galleries/dsc_1251-1550256214.jpg", "caption": "Drone View", "is_hidden": false}}, {"model": "galleries.gallery", "pk": 17, "fields": {"folder": null, "image": "galleries/dsc_1215-1550256323.jpg", "caption": "Admin Block", "is_hidden": false}}, {"model": "settings.setting", "pk": 1, "fields": {"title": "Trinity University", "description": "Building on the rock", "email": "noreply@localhost", "phone": "2348097799871", "address": "Trinity University City Campus, Off Alara Street, (Near Queens College) Yaba, Lagos.", "welcome_mail": "", "facebook": "http://www.facebook.com/aderibigbep", "twitter": "http://www.twitter.com/aderibigbep", "linkedin": "http://www.linkedin.com/in/adepeter", "instagram": "http://www.instagram.com/its_adepeter", "is_under_maintenance": null}}, {"model": "users.user", "pk": 1, "fields": {"password": "pbkdf2_sha256$260000$ftezDEijZimkEw5Axe2NTs$q4QHMFzkts1GxtIhaRp7bMmTvIJ8iPlRz03Lu8HIAeM=", "last_login": "2021-10-07T12:22:11.135Z", "email": "adepeter26@gmail.com", "username": "adepeter", "gender": null, "avatar": "defaults/users/avatars/no_avatar.png", "fullname": null, "about": "", "is_admin": true, "is_superuser": true, "is_active": true, "telephone": "2348097799871", "country": null, "date_created": "2021-10-07T12:21:54.912Z", "last_modified": "2021-10-07T12:21:54.912Z", "last_seen": "2021-10-08T11:12:20.543Z", "ip_address": null, "visits": 0, "groups": [], "user_permissions": []}}]